{
  "project_info": {
    "project_number": "697433942853",
    "project_id": "smartalert-app-f4d0b",
    "storage_bucket": "smartalert-app-f4d0b.appspot.com"
  },
  "client": [
    {
      "client_info": {
        "mobilesdk_app_id": "1:697433942853:android:8bca9444f596b29c93ac2c",
        "android_client_info": {
          "package_name": "com.spyros.smartalertapp"
        }
      },
      "oauth_client": [],
      "api_key": [
        {
          "current_key": "AIzaSyCja2thhm12ZXuDx_ScLoR__ZtnzKohsuY"
        }
      ],
      "services": {
        "appinvite_service": {
          "other_platform_oauth_client": []
        }
      }
    }
  ],
  "configuration_version": "1"
}